<?xml version = "1.0" encoding = "UTF-8"?>

<beans xmlns="http://www.springframework.org/schema/beans"
	xmlns:xsi="http://www.w3.org/2001/XMLSchema-instance"
	xmlns:context="http://www.springframework.org/schema/context"
	xsi:schemaLocation="http://www.springframework.org/schema/beans
   http://www.springframework.org/schema/beans/spring-beans-3.0.xsd
   http://www.springframework.org/schema/context
   http://www.springframework.org/schema/context/spring-context.xsd">


	<bean id="dmds"
		class="org.springframework.jdbc.datasource.DriverManagerDataSource">
		<property name="driverClassName"
			value="com.mysql.jdbc.Driver" />
		<property name="url" value="jdbc:mysql://localhost:3306/bank" />
		<property name="username" value="root" />
		<property name="password" value="" />
	</bean>

	<bean id="jt" class="org.springframework.jdbc.core.JdbcTemplate">
		<property name="dataSource" ref="dmds" />
	</bean>
	
	<bean id="bdao" class="com.cts.spring.dao.BranchDAO">
		<property name="jt" ref="jt" />
	</bean>

</beans>