<?xml version = "1.0" encoding = "UTF-8"?>

<beans xmlns="http://www.springframework.org/schema/beans"
	xmlns:xsi="http://www.w3.org/2001/XMLSchema-instance"
	xsi:schemaLocation="http://www.springframework.org/schema/beans
   http://www.springframework.org/schema/beans/spring-beans-3.0.xsd">

	<bean name="emp1"
		class="com.cts.aj007.spring_demo_1.entity.Employee" scope="prototype">
		<property name="employeeId" value="E001" />
		<property name="firstName" value="Rama" />
		<!-- <property name="lastName" value="Krishna" /> -->
		<property name="lastName">
			<value>Krishnan</value>
		</property>
		<!-- <property name="address" ref="address" /> -->
		<property name="address">
			<ref bean="address" /> 
		</property>
	</bean>	
	<bean name="emp2"
		class="com.cts.aj007.spring_demo_1.entity.Employee" scope="prototype">
		<property name="employeeId" value="E002" />
		<property name="firstName" value="John" />
		<property name="lastName" value="Major" />
		<property name="address" ref="address" />
	</bean>	
		<bean name="emp3"
		class="com.cts.aj007.spring_demo_1.entity.Employee" scope="prototype">
		<property name="employeeId" value="E003" />
		<property name="firstName" value="Abdul" />
		<property name="lastName" value="Rahman" />
		<property name="address" ref="address" />
	</bean>	
	<bean name="address" class="com.cts.aj007.spring_demo_1.entity.Address">
		<property name="doorNo" value="A123" />
		<property name="street" value="Jain manor" />
		<property name="city" value="Coimbatore" />
		<property name="pincode" value="641002" />
	</bean>
	<bean name="department" class="com.cts.aj007.spring_demo_1.entity.Department">
		<property name="departmentId" value="D001" />
		<property name="departmentName" value="ECE" />
		<property name="employees">
			<list>
				<ref bean="emp1"/>
				<ref bean="emp2"/>
				<ref bean="emp3"/>				
			</list>
		</property>
	</bean>
</beans>
