<?xml version="1.0" encoding="UTF-8"?>
<beans xmlns="http://www.springframework.org/schema/beans"
	xmlns:xsi="http://www.w3.org/2001/XMLSchema-instance"
	xmlns:context="http://www.springframework.org/schema/context"
	xmlns:p="http://www.springframework.org/schema/p"
	xmlns:aop="http://www.springframework.org/schema/aop"
	xsi:schemaLocation="http://www.springframework.org/schema/beans
    http://www.springframework.org/schema/beans/spring-beans.xsd
    http://www.springframework.org/schema/context
    http://www.springframework.org/schema/context/spring-context.xsd
    http://www.springframework.org/schema/aop 
   http://www.springframework.org/schema/aop/spring-aop-3.0.xsd">

 	<!-- <aop:config>
		<aop:aspect id="log" ref="logging">
			<aop:pointcut expression="execution(* model.*.*(..))" id="selectAll"/>
			<aop:before pointcut-ref="selectAll" method="beforeAdvice"/>
			<aop:after pointcut-ref="selectAll" method="afterAdvice" />
		</aop:aspect>
	</aop:config>
	 
	<bean name="logging" class="model.Logging" />
	<bean name="employee" class="model.Employee" p:id="13"
		p:name="Raja">
	</bean> -->
	<bean id="bank" class="com.cts.spring.Bank">	
	</bean>
	<bean id="bankAspect" class="com.cts.spring.BankAspect">
	</bean>
	<aop:config>
		<aop:aspect id="check" ref="bankAspect">
			<!-- <aop:pointcut expression="execution(* com.cts.spring.*.d*(..))" id="deposit"/>
			<aop:before pointcut-ref="deposit" method="beforeDeposit"/>
			<aop:after pointcut-ref="deposit" method="afterDeposit" /> -->
			<aop:pointcut expression="execution(* com.cts.spring.*.w*(..))" id="withdraw"/>
			<aop:before pointcut-ref="withdraw" method="beforeWithdraw"/>
			<aop:after pointcut-ref="withdraw" method="afterWithdraw" />
			
		</aop:aspect>
	</aop:config>
</beans>
