<?xml version = "1.0" encoding = "UTF-8"?>
<beans xmlns = "http://www.springframework.org/schema/beans"
   xmlns:xsi = "http://www.w3.org/2001/XMLSchema-instance"
   xsi:schemaLocation = "http://www.springframework.org/schema/beans
   http://www.springframework.org/schema/beans/spring-beans-3.0.xsd">

	<bean name="sdf" class="java.text.SimpleDateFormat">
		<constructor-arg value="yyyy-MM-dd" />
	</bean>
	<bean name="doj" factory-bean="sdf" factory-method="parse">
		<constructor-arg value="2020-01-01" />
	</bean>

	<bean name="emp" class="com.cts.aj007.spring_date_xml_demo.entity.Employee" >
		<property name="employeeId" value="101" />
		<property name="firstName" value="Rama" />
		<property name="lastName" value="Krishna" />
		<property name="dateOfJoining" ref="doj">
			
		</property>
	</bean>
	
</beans>

